1.4,-1.6,-29.250642504930312
1.4,1.5999999999999996,-24.49357615172134
8.6,-1.6,-25.361710464585745
8.6,1.5999999999999996,-18.962414157173384
3.8,-4.8,-32.760650460993865
3.8,4.8,-16.498584680103633
6.199999999999999,-4.8,-31.55747319797896
6.199999999999999,4.8,-12.308132006448524
4.474272851473634,3.340417029039898,-15.286047687078499
6.388346272451227,1.6014603866813726,-19.030719243223622
4.0224314155340775,1.0489254507111463,-21.844694333840373
3.49794243106767,-1.2054110460176872,-26.336836387018806
7.797652192542736,0.33559695675954604,-21.892179732751952
5.786017626595369,3.707032651184244,-14.362280175390167
6.179720328528807,-1.3652424166465713,-24.61993354724853
7.995075500677025,3.1166029182768,-16.245674602983595
5.140137878451496,0.023189594790657075,-21.277728140414965
4.805032339678602,-1.6449369396763336,-24.79645040324926
3.7791941800944446,-3.2867178176059704,-30.013698632943402
6.883218443225558,-3.0607561419746867,-28.699100312227753
5.722635840930824,-3.880750510150156,-29.503360900819253
2.5241829369884208,2.2154505110522944,-21.61401857226306
7.762996556349343,-1.8571971544407755,-26.291621596512115
2.370333909431664,-2.1547720014639045,-28.414776223020013
2.023898811963713,0.7166580138486207,-24.832712210099068
3.1896673475445425,3.5797369058858637,-18.65545054409026
2.046684093190771,-3.9981601847053563,-31.97195770490925
1.4,-4.8,-35.05812101365745
1.4,4.8,-20.170889289844705
8.6,-4.8,-31.215354183214746
8.6,4.8,-12.562392112085064
4.046197888971183,1.8596857116276164,-20.417334499533766
5.620804207773333,-3.7158246531935526,-29.131285045898814
3.732599221548115,-0.9169278301430306,-25.665124223220896
2.2045220531694185,3.0321316399114946,-20.725149679983335
7.220979590584787,-0.9419995195404193,-24.523893283159808
8.027739481075185,-2.086918713991562,-26.63693358081182
5.6875397079749535,3.2472924719070906,-15.227810362354044
2.892378870387372,-2.0307096212078855,-27.904586535551555
2.0993141436892233,-0.4018036820058959,-26.212319954097094
7.66200587553179,3.3690108837280817,-15.87660575189447
2.799485262820685,3.451955846697397,-19.171481884448028
5.530166005504704,0.4283811402486492,-20.68342164845883
2.51650936317537,-3.413829939689958,-30.500725418107784
4.485618979896974,-1.9524570934234096,-25.86059322955821
4.332705463224663,2.7785650025937514,-16.320517592857268
3.6584554163700886,-2.8665696470467465,-29.228449263015033
6.241269232529866,1.355273067578149,-19.25251827555327
7.361877465760055,-3.5126492215303102,-29.693317688980944
2.5430276549766484,3.0714536512053945,-20.125477595927727
4.194388436856157,-1.0855439967543932,-24.25085138404387
6.326536811517794,-3.1591771379509392,-28.449087102472323
2.217885129154987,-2.7945368527555345,-29.64424207225382
2.6985236620389843,0.3235656106400855,-24.394576428115986
2.5011284545258703,2.579858038378191,-21.035311474186273
3.1449040295001183,0.24471877855301472,-24.243927090256943
5.906782776100112,3.829453115924066,-14.190689487015923
4.578076629423378,-3.5214140318896217,-28.999175623394393
5.621569779137021,2.7672573141542998,-16.15974958309429
3.4453515424587424,-2.5368860473047894,-28.672334612949957
2.5149959114393186,-0.48056175958125813,-25.741961661629443
7.229906503838702,-1.729787080473982,-26.10383216817618
7.27361310622927,1.00235791109378,-20.65676870543596
3.987728222711364,-2.653279952286498,-28.487382300317083
6.393241966260949,0.5887214180454636,-21.06366725126488
3.9819992189142965,2.809169874733106,-19.42207182713068
2.5880925724660617,-2.4016771482036345,-28.67520328237827
4.691342904773811,-0.3814313703940657,-22.476032541334515
2.9221390026257783,-2.101684150281126,-28.014618439768004
4.730437247393302,3.8769268412511817,-13.918508671474301
6.205763731675125,-0.34732280238256497,-22.608200695181534
4.335871662478426,-2.404928949044474,-26.858518870729196
7.046304954743122,-1.4952807906005336,-25.521087361070695
4.303459979532239,3.355630563091549,-15.134179704665533
2.7518979725551063,0.731989042994849,-23.734474664780926
3.371125298679127,1.4417084190932945,-22.163574602930407
5.277352791043591,0.32325426031299287,-20.640885779585094
6.012131696917443,3.2732066511762135,-15.306976932076306
3.675708965386038,-2.0271657921403987,-27.613554544252718
5.217613971188312,3.8831692942854943,-13.534052338235062
5.478217386709159,-3.854400039508808,-29.142613220151137
5.046926585372926,-1.0985390771466035,-23.49616847612196
7.230697089099941,-2.8826309369945244,-28.410910908074264
3.5277715277361437,-1.279108961735127,-26.437861843322292
5.8809764543547125,-3.2102345296133654,-28.263523817972303
4.759711648489971,1.9994131050949306,-17.596141976416757
3.259649072545928,-1.074109143293093,-26.235218818483432
7.5347128353898025,3.02847016043284,-16.59622766819145
4.5556655454818555,2.752653637563628,-16.402644925219686
7.5063660538779455,-3.618805917776748,-29.881074247174222
7.479319902746472,2.192207160186735,-18.28086767208606
4.7357430813979065,2.321534377284471,-16.9975747353221
2.8213439442870936,-0.04647021843628618,-24.85999504938055
4.568799566140999,-2.160594740750229,-26.21406542178693
2.8690769512848164,-0.1180701900135217,-24.938396750391625
7.469428198806856,1.1014251362756502,-20.46421235625738
4.236091176411906,-0.6958770384066586,-23.266866960637692
2.1495367036388453,-0.6715027831384139,-26.491201034596095
2.3323042172851194,-2.2914647577375673,-28.67487447378307
3.9311273730742786,0.6698938193197673,-22.84190902681444
4.257907579212874,-1.085913936075341,-24.03189547275061
2.75942090915653,-0.6212273721483429,-25.757135703859294
5.2069347359244444,-4.438608217731184,-30.26743738071017
4.037612055361131,2.0834304663071106,-20.150549873393647
2.264729800237987,3.8039561819324526,-19.187969491962694
4.3782014727585805,-2.7784295749754495,-27.65521487736734
5.22536519099374,-1.130536908905657,-23.558493387505884
7.763469263130548,0.5864752055784103,-21.404041071242453
5.693943227331565,-3.6484616930907765,-29.02566795719066
3.6645608933418345,-0.991799075905813,-25.858612945132663
2.6812544674800676,-3.359804951688954,-30.31843316384727
3.92450708631432,-2.85273880456573,-29.003742324282968
3.881979805977491,3.2431079365529563,-18.936066475836963
5.632754626598217,-1.4129189358078236,-24.527799569434396
1.7810092183255495,3.157151217068465,-21.470351526474186
6.573548690144754,0.6701027254297879,-21.127820410053136
5.505380195144042,-3.0118655106315733,-27.50038164029999
2.9766408367379955,4.042960895982859,-17.990251744051445
7.016573626320327,-0.5023355454078509,-23.52620657727172
4.301774471328426,2.655989970760931,-16.526848916869262
3.237617437035329,0.2947950140871128,-24.11749823037362
3.6169287743430973,2.5983914376991186,-19.928523032301083
3.10742626617157,1.6023750885582533,-22.103446226628204
4.762780167478896,1.2662803227480888,-19.055546939846746
5.47575754731788,-0.10012434417599382,-21.592575101205593
2.572169787725123,-4.337943313229986,-32.141486863733
4.747980108604197,0.36529174018857663,-20.884755714672746
4.206110187726027,-0.7946343990971632,-23.586113747670396
6.103918081405626,0.8728543149918284,-20.116633871930215
4.5310944097606765,-3.182015602053084,-28.34843126113421
4.807718546745442,-0.5904088402542017,-22.680415126889894
2.0047700183761807,-0.827455147195718,-26.935167780261427
4.774568383577285,3.1271626791974634,-15.318415082181804
4.012177348597823,-3.7293278929787896,-30.639444451597328
5.603876353941362,2.390095745290978,-16.897840816756315
3.8195806833639536,-1.9228173674877753,-27.27901425584626
6.4473863048044535,2.104912513973061,-18.110944934703184
6.97303712212593,-3.1848190988252583,-28.94634544170925
4.686763492689668,3.949149893408047,-13.858362125326728
5.7574360578267685,-0.5268623082101014,-22.8058465638349
7.967069682760322,1.9983829128165471,-18.49457867241672
7.879693338895119,-0.11847905391932034,-22.76624263703449
6.805449729587079,3.00968089809236,-16.511251921768412
5.239255198763446,-1.5366951883332058,-24.367117732402413
3.485109393807752,-1.8641582371069019,-27.447587326397034
2.467078540595871,3.3555673188462016,-19.710099038271373
3.12110922779679,2.2451599218957004,-21.01411118336044
4.1515831773639125,1.5999034676544834,-19.377361218856265
5.9765228966746085,-2.852778609939114,-27.556877887651552
2.935462931156524,-0.5460566000553762,-25.547385664976122
2.078728828518202,0.4806373143664828,-25.05509311095112
3.8447871417308237,3.343192012677113,-18.77466486818146
3.3562952897010474,0.9240359308994206,-23.032349078239697
6.795256045758757,3.9330776551240545,-14.664582220746452
6.725367068003059,-1.8997689559589146,-26.325414397697084
4.5865574962143825,0.4620360092075204,-20.938698343793956
5.130662066852829,-0.21094869377557224,-21.7467104677452
5.86689059303358,2.5089713562576765,-16.81892854217738
4.408922845264383,0.2624705627909325,-21.42320961186149
5.238450254840123,-2.4801620453183153,-26.25544104406096
3.257606783293587,2.639691968703409,-20.21641797479873
6.06694734682967,-0.9621489502733018,-23.782990090195796
7.207455416207006,1.7514660740133285,-19.129520012055988
5.535456428170848,-3.8844630010993138,-29.34702882798241
6.405038791410998,0.9787032296677127,-20.301403649612656
2.2649896317611944,-1.1172938877334015,-26.947344526960475
3.308141526184261,2.6722514945794824,-20.112737255653812
3.3778081217196645,-0.359287187286748,-25.065097741677686
5.996242519405795,1.066815244247599,-19.718194230373395
2.170738173913459,-3.4327442905378733,-30.830884219764286
4.700389887566618,0.5211468293167352,-20.65621734533047
6.2001850804094545,-2.99766977381708,-27.903855018705656
6.720306063213851,-0.14216659093197048,-22.809500220366512
6.044310686509933,3.7889780817164107,-14.27928680747126
4.554842417004767,0.6333104021664191,-20.62943140123295
6.451374875162205,-3.4944513511631996,-29.32661963477496
3.0838639665047243,-1.6312199901872457,-27.181457411319577
6.2775935233267806,-1.3986061921217363,-24.827601422060695
6.018790655766301,-1.9695470079045796,-25.79279664069197
2.5117648565940582,-0.1419467736408624,-25.25384082712572
7.6635853311142945,0.40266995398527783,-21.808716699181485
3.3629598554012556,-2.0867092534082587,-27.881966871171432
6.850433257352964,0.37922870238271145,-21.769346752820777
4.811359360283072,3.9503814477306634,-13.604533816318062
2.8700457788119635,0.747283979054373,-23.62453757955283
4.362749758370704,0.15181717428527985,-21.60656519743701
4.085225638601754,0.3339139563971054,-22.479058178021937
7.532807273722941,-1.421915977568828,-25.49805114032872
4.478979517925365,-2.2375308228828885,-26.441255439702697
4.2818302393056955,1.1786925365741132,-19.46235717613625
7.79677718214526,3.949893524466951,-14.66394072213365
5.984499889452834,-0.2563844144393552,-22.36400384682434
5.244779088455853,-3.707233895394163,-28.72598077748067
4.1704366169956515,-1.5566362866694492,-25.406569930624922
3.8534401771347233,1.7083474510182963,-21.3954175827688
4.281636404465103,-2.5564134500482787,-27.346961238770245
4.7636637723173525,-0.9356198950783998,-23.45714968581799
6.437038738354123,-3.1359953676923333,-28.583609158941606
4.043415446725786,3.1693308168339223,-18.367512338633635
4.905826034976815,3.1134543795035388,-15.1122083418071
6.664743612370567,2.802196441860705,-16.90875523409204
6.5385264414188,-0.08697897658165073,-22.611472531931756
3.759486730491135,-0.6823211005330733,-25.25661568139662
3.9786959047262616,-2.428277848583534,-28.03304209153336
4.335274495298042,3.544252978375019,-14.799368345189897
3.988300378214235,2.371355706695889,-20.052752584324953
5.807958725096282,-1.4884421111522694,-24.77255037953016
4.052423603172607,-3.8693772831651976,-30.869087557892527
5.349729395479547,-1.5816736188288567,-24.441351419035534
6.589596217210634,3.9994879998840496,-14.480145765658616
5.368125821292661,4.210773062564513,-12.856329566529839
4.397804196394518,-1.9094496826381127,-25.770062314092065
2.2812397924446226,4.066176071609687,-18.670154834489132
5.475913313927656,-0.0250971910569317,-21.44290202164774
5.1207817743071535,2.276639612879026,-16.771266091623865
6.710638534276853,-2.2533634101177493,-27.030295275353215
4.436459599771692,0.6773694297451339,-20.600360885035727
3.9335610172163378,2.8324964483376687,-19.53351793150409
3.4953843238022313,1.1917788233896067,-22.487796047607524
6.549571338341637,0.6488844500319626,-21.150328805259008
4.118572127379723,-1.6883889607727338,-25.988133643472274
2.4863226314375235,-1.537815712948956,-27.338395522939386
6.6294714257592835,-3.8239421198270827,-30.18918298974152
4.243413220092681,-0.03316417307287356,-21.909177836605345
4.955830113219437,0.013197038248891882,-21.27501181638532
2.0476359872128604,-4.190229201255953,-32.316322701181306
5.235437813463068,0.2831345417964635,-20.72827453050976
4.420067616956847,-0.341416198401983,-22.63434357147161
5.4790390899326376,-1.012773440388176,-23.426188830572723
5.21684037298517,-2.9574707256615884,-27.219099698684804
3.8438315228267705,0.37216866923072,-23.486063611585717
4.923933588011114,-1.5292304529677396,-24.380729229516135
6.263209194422674,1.2156596201988947,-19.570893991667305
4.583402164760982,-3.7833172375876862,-29.555283972608446
4.767043457322992,-0.2165134532481647,-22.01247673622151
4.277136490661386,1.3916304950289504,-19.034647757100956
4.602821870167609,3.453240027846731,-14.967502117142889
4.614338976066619,2.742420686358562,-16.35511847884471
6.058824676481856,0.9207858124981704,-20.016310580156585
4.447265535892125,4.209102762993948,-13.572156994294467
5.865523983147132,-1.930949979028351,-25.6981673018156
6.632036984513775,1.737217218521513,-19.027043125753025
6.801306430545108,-3.0217066032122872,-28.625398276031095
5.501386587659518,3.828955738279658,-13.803492208060304
3.8213174479456264,0.7689584460025575,-22.904063897819213
4.368686866661233,2.3945099487284445,-17.13086806208484
5.589356695047097,-0.7309367344516509,-23.12217386231419
5.104478320016162,-2.2363851465716693,-25.796070062755373
6.6260934214014915,-0.13804378193568123,-22.77497517089087
4.152126891213742,1.912960148233105,-18.747851145181492
4.834785145231476,2.6427116238130255,-16.163005334947595
6.982699086804671,-3.6703964152306003,-29.94123244462958
7.986036399121952,-2.4578851990275643,-27.3963144503853
6.213252609996742,1.9144454487531712,-18.093503340200648
6.693406219936799,-0.7104804876587067,-23.94130831718077
4.940269451448332,2.462377225743622,-16.385071161733542
6.987934520045954,0.6289723731875112,-21.25941627139288
2.089442220971401,0.625810452840315,-24.825794773059854
3.6367265609213653,1.9049735474834657,-21.155653318594506
2.954606952404469,-1.6718031666253772,-27.28868215493456
5.572982658381323,3.063967061246844,-15.506918547265572
7.228869504526133,-0.5269464963037205,-23.69775567904984
5.766398405565882,-3.0400583272630906,-27.84019226703057
4.451200723653817,-3.4755166466185106,-29.107054346391575
3.283068201665307,-0.796707503047192,-25.791289980093598
5.914032076459057,1.7902462023403034,-18.2684354077206
6.945213184355614,0.8919244701902604,-20.733627168775396
6.5445940643241896,-2.389659413506325,-27.238673677578543
2.8101672442513785,1.845108589793008,-21.927051968207113
7.115160994988558,0.4902490268436468,-21.589037282381618
2.9632227720232103,-2.319010924975159,-28.377412996397474
5.7430412496462235,-0.889408177991343,-23.521621113968106
5.281677987258447,-3.4092048594346673,-28.113695440929636
4.190412458364076,-2.564981160654405,-27.702742993409906
3.6686085009354117,1.8202805301407459,-21.28424728317714
5.561946676639981,3.4908493766718838,-14.632662718622127
4.6874330066704575,3.0417953277296146,-15.649596904184488
2.0202289162758467,-3.3350725695067576,-30.813382648146362
5.819974110720271,3.879350982701884,-14.048817961195684
3.4054196951306466,0.6730997064919428,-23.407046428452134
4.398100077929147,1.4856624211393097,-18.972242795309448
4.236013661563323,-1.5876752649739228,-25.17493756946163
4.3099063605882995,3.9706081741054575,-13.91894087699868
5.2622798010911165,-1.3699706259552977,-24.029304526173743
4.532519611554722,-1.2128214995128301,-24.342791118782642
3.3288483777073496,0.5636692420062435,-23.635749268754026
3.4171272417644003,-3.145283207643465,-29.805513409450295
5.449667174005581,-2.0808797344280308,-25.498242592021054
2.0131311177861737,2.0258088930320506,-22.801342913045577
6.07515557797924,-1.4373668992728295,-24.734191982313643
5.525225913772079,0.8845421453743478,-19.75800551084322
5.191635548662733,0.9063166430251339,-19.49667244819722
4.773892616931198,2.786736087408581,-15.997617925067239
3.3530128170824494,0.5871595818399626,-23.582229468883074
2.5977010464091377,-3.1538524824060303,-30.00464126259119
5.75261692615874,-2.6286467919753207,-27.00654613353634
3.2197184337797085,0.30970028770638613,-24.104074935669495
2.566174666299907,-3.7682486954361787,-31.070371641571207
3.866177337017851,1.0464766019887592,-22.40712404737089
6.405477516936145,-0.35128129289323756,-22.962016050552872
4.3030221387588,-1.1880307284264808,-24.23024615319791
4.151132847107265,-1.8066474383666036,-26.07994453752407
3.5526522964879703,0.4102579419811514,-23.72785658240895
5.758805518289388,-1.8462896178282933,-25.44575319183389
4.599876102210084,1.55244130762399,-18.743522793758324
4.014393041236532,1.9015793551861708,-20.60512823742389
4.246437275705577,-2.4074073738382338,-27.10050233005616
4.840516191621938,-1.0929927678322955,-23.622093001957683
3.793851171370111,3.5978176721814257,-18.33084124256709
6.098179363127815,-3.066336169081604,-27.994948250006004
4.141257263546884,-1.8545544738946396,-26.24105784423266
5.097559110587819,-1.3818148248457627,-24.08392523757594
6.681062664487563,1.8192796582225874,-18.87899856501036
4.487029312190409,-1.7180101065897306,-25.38703610728046
4.996131989605864,0.8906564324797239,-19.509199047989146
5.091044796372569,-3.4444282656866725,-28.229737261829406
3.7821661732265617,-0.6573640186121458,-25.187380726861313
6.544691320655626,-3.988282588797933,-30.450089838311733
4.20910905764033,3.6988492513486935,-14.579879151914296
3.8767192705196654,-0.8229181918453499,-25.30334660998018
3.9606174853884872,-2.4787726822514693,-28.170445373930058
4.28432093116582,3.351333608082946,-15.12554717488921
4.062208386133054,2.0480005221855366,-19.95120872615159
5.545575736836155,-1.3609630567897675,-24.300561210721852
6.169503563409396,3.7007159223281096,-14.481288698390971
5.090834428390213,4.014364083419351,-13.292148900702657
4.088259995349912,-0.22994111417931695,-23.392652223231586
4.612478322840143,-3.943133177595334,-29.855394661285256
6.249921551238246,1.8322063676649123,-18.313444163089432
1.9600698861273482,3.393792070626084,-20.620386324121736
2.7147537242371444,0.6244706647932737,-23.92819160816687
2.0494394443468313,4.073914463485296,-19.125645764170642
3.719811678988135,1.6488618114104145,-21.556737012541305
5.20467105879912,2.084012177726285,-17.13622523287767
4.859820297276502,0.0023499881950559964,-21.39649837490986
3.594268995525853,0.9285695245362647,-22.854492828590338
6.768166854578261,-0.8021613384071906,-24.134339442446326
4.64850164651378,-1.18358809470716,-24.14752610604758
4.300285154512022,2.85932480838616,-16.119643800580764
4.090982514635298,2.5239722951352364,-18.658921762788555
3.924325665830674,-2.0479442004988893,-27.363271452837797
3.8627006156401884,2.5047727841146323,-20.128882612021993
4.277171164866252,1.4214194751226354,-18.975104039892514
4.358376536029154,2.353651604784171,-17.200942178646624
4.897103333645512,2.413628537992174,-16.520640667193028
5.062128668763586,0.32090833593809204,-20.66378049542757
4.1285548450580025,-0.6061238993440732,-23.74535526264538
5.016839850462104,-0.3023488792261201,-21.895444608759487
4.061293913721811,0.4348443504471399,-22.514406325977614
4.169467068537708,0.7840432240657775,-20.75131575998452
4.60361772682678,-0.5009331106363417,-22.843875053177396
4.058924852255765,1.6532212192249542,-20.61672334959235
3.8269692664116284,2.883556416328394,-19.507407216744294
4.41551595127586,-0.31518488824256563,-22.580391165091896
1.6569127246378195,-3.277581430179291,-31.167197399174615
5.4845678778222675,-1.997595214391841,-25.410664874215858
4.5312382854567685,3.283555306222631,-15.37423496605
3.784603892225514,-3.242449968395995,-29.924489535475587
6.107835557148008,0.8173222643625081,-20.228192121000895
6.378495038491461,-2.0734594494978635,-26.367117732402413
4.055813001474675,3.135969458125871,-18.221046047095943
5.44055899978908,-1.6768312861896868,-24.674648562194452
5.53372035574606,-1.1442880075682744,-23.838033383635924
5.22695725641175,3.9967034161916115,-13.304369498081407
4.114334228773024,0.5934139440482656,-21.766724608706056
4.2298975693667105,2.5148102193393616,-16.846368034997784
4.245342501989051,1.039308458495077,-19.757433727190186
5.040481219629935,2.9926219426176295,-15.312176852658471
6.346522244089563,4.174018578946821,-13.816929550370041
5.055086551720357,-3.0664999816805634,-27.450567562902464
4.281173864274095,1.9808430943432194,-17.858581584733912
2.2624804510469887,-2.9464549191910505,-29.873576346262663
2.126141847313083,3.9574300767434156,-19.16878952312809
7.889156626241579,2.9397863959283725,-16.645661023211918
7.4799091837615315,-0.19641925897122725,-23.057996910371557
4.683390395319996,2.590796211732929,-16.551556500037524
3.8030442132350877,0.13882993725316872,-23.909177836605345
7.722986681401475,0.8508838202057145,-20.890792803679936
7.695991578650196,3.090509975031847,-16.421521245071535
3.08745233255745,1.82283025301383,-21.75195313064134
4.497840189012422,-2.7389801957774713,-27.459482830407428
6.0799127941930715,2.3741004714603413,-17.11171938847946
3.0908052880971884,-3.1596678099340787,-29.850011543508526
6.826987458948134,3.81816723597316,-14.893367211079884
3.723717498258747,-0.05913929706978571,-24.317755616076685
3.0602905264304083,-3.771402607328378,-30.92492773729388
4.153466090631919,-1.8587243881913817,-26.18785569102962
7.138917420538934,-0.2811738488168398,-23.148961912779384
3.5275454343968233,3.4345997365353087,-18.577492234131924
2.369998813768083,-1.3411965324740818,-27.150199900794977
4.9913060193010805,-2.041027051511329,-25.375387924487026
6.1254425148730025,-1.5396001329936047,-24.944965876325387
4.457981728587308,-1.6889811967573785,-25.336044790044088
5.856812262011318,3.2982686793598575,-15.235816392725944
5.211148243763441,-2.0123768951478764,-25.32728348227481
4.285219296767197,-1.2119558848592034,-24.276109430333868
5.728005820224298,2.6373737323130193,-16.46042211665469
4.891045689979342,1.2624898527698551,-18.8299437427492
5.577437140636189,1.1953376398978763,-19.251664648071504
3.986770943119582,-2.1404911597323792,-27.42499700056647
5.736146269121365,-2.467040012834455,-26.67343885603581
7.388238173060329,-3.4707635515009283,-29.609435790420942
3.0244354821156305,0.13093482028139825,-24.47709954053842
6.257926811015704,-0.6490442629401887,-23.29040783064311
6.528850852967954,-0.41691692440577555,-23.261314552911106
6.154148534352768,-2.945732551389864,-27.766851532306898
6.313201979352594,-3.811235363031672,-29.736932317771007
5.7658676922831775,0.7925662762660606,-20.1733163156492
6.926673531916168,1.897507629929656,-18.72399801003795
5.894912463984538,0.8335647777977302,-20.17872235164913
4.556272363679199,-2.7413704562844714,-27.40857919489579
4.775259869201496,2.7256231452481474,-16.116730458200703
7.258458635395366,-1.5688147154947876,-25.794092237372613
6.0157979047489825,-0.9612593608337416,-23.77590741150573
7.0994820634599805,-1.1714841624179222,-24.90180637413671
4.9481728923519945,-0.2397155589521951,-21.78454750711675
7.341606716873912,1.509575989318395,-19.65533269474345
4.452783587637644,3.6454801012093903,-14.684701547126377
5.925995763803707,2.526045514250879,-16.797838752980645
3.0944890366000095,-1.7633918394443793,-27.39579555414367
3.3578466494094856,3.195027315917792,-19.165178887220204
4.131116692770866,1.0881591990193165,-20.673582204445612
7.807354319875053,3.911590051416653,-14.736269272631677
4.12268291833763,-0.9431694919339054,-24.42495078181669
6.215968072468228,-0.4189033234242605,-22.763613911390447
4.047050049155623,-1.7620336975079427,-26.480789116380553
3.805663474481623,0.32797740989382,-23.611348282973175
4.5636992845010225,-0.6709761012930414,-23.229523557798164
4.423405025244289,2.088674952704069,-17.777829991318235
4.8616600498610145,-1.9393028585248129,-25.281423582374266
4.106034369938063,1.804814323691253,-19.731866846093897
4.335684399365348,-2.400450548923134,-26.848446295457023
4.671730506054879,2.255564415957092,-17.237764207229297
4.365688933038733,-1.8333875594573898,-25.599030520774345
4.969276110797219,-1.3693001111546421,-24.035240817752133
4.248996824320894,-1.6446688147331872,-25.26536816208972
4.131516281050019,3.4325292503310663,-16.06186570704058
3.7078037236033747,2.6423878725345884,-19.797893288609764
4.006472131911722,1.736610091286317,-20.903855018705656
6.195544892868301,2.1818011589923705,-17.539297558574546
5.060580168640624,-3.7473204942636045,-28.857454115913722
5.430122739616059,-3.3682518231363408,-28.054309892556873
4.150075254967522,3.835256562174689,-14.9460384926855
3.8957451084228847,2.1081099254549636,-20.72051557097079
4.523658669071395,1.3089482701610926,-19.304632165612034
4.836011722824394,3.9468136060261934,-13.560556772550752
4.290359123559154,-0.13984671276534003,-22.106010889110465
6.711812842503812,-1.9407012167387154,-26.405198764221616
3.941644806738361,1.7205895807543283,-21.211803336980257
4.463900890622762,-1.3615083921079139,-24.677181378992607
4.640197297966004,1.5837852829941097,-18.62627904932315
4.884935201236082,0.8979145983633193,-19.567046735047917
7.560732030182783,0.001005683749705888,-22.64435694977913
3.7563707767682213,-0.15013278807096542,-24.421578564812652
6.730072665944911,-0.5519260589027597,-23.630376023359368
4.108772667726687,2.670819571411279,-18.015481687671386
4.317813895029139,-2.9245782007987615,-28.13289211774313
3.9062022528654783,-1.9211663178040073,-27.151287580950576
4.341374769951641,-2.56963010182545,-27.232369268039136
3.9970983952122054,2.3707251818523267,-20.007433228215017
3.9068455017512265,1.9493632418060642,-20.946537395074543
5.034844568379225,-3.54595092890615,-28.435369438110307
4.894602603211294,0.3898577037672584,-20.570667687171667
4.250377840664292,2.5112046235601126,-16.807906682547966
5.356069329398648,0.24139742837660316,-20.794416741359246
4.128554845058003,-0.6061238993440732,-23.74535526264538
3.908872482947521,-0.25820819022524416,-24.337298819119457
4.335379908282724,0.8653487209354367,-20.14646604828912
6.239567345582885,-3.7878281500370963,-29.546972306312277
4.244732031683721,1.520101038495633,-18.797075972362197
6.414427369040361,-2.4241851370018255,-27.124730325271706
5.120726986448438,2.841141105823622,-15.642122300770128
5.181629455638068,1.5152100467907499,-18.282570838755493
4.45853936775988,3.7972626645772194,-14.385862409141023
6.231064407218828,0.8003298085036356,-20.346247366874
4.0740379128726625,3.2434703342539244,-17.645661023211918
5.4494807472622995,-1.0019205503085273,-23.3394190875727
3.7788373633493553,1.2087855955526086,-22.253217948183686
3.781453616621222,3.6311790308894785,-18.26550420296373
4.163322665872388,3.6193510550525296,-15.183645996981376
4.224279798621719,3.088622689600856,-15.721452166224147
4.01446379673385,0.4331655232253637,-22.845545593860436
3.4641003795616174,3.372652078160256,-18.754684783647267
3.9989818634801537,0.5990722468326544,-22.676933623636096
5.1256654266157335,3.2035446661623257,-14.917609622418285
6.437093951085906,3.935937385466328,-14.433963398675433
5.050899118398603,-3.065888077534239,-27.448135424339334
4.159651643536397,1.813477424541773,-18.837137006678073
3.906958527500235,-0.7896420826174465,-25.187554597127242
4.024865801307064,2.6095842927290334,-19.457012831579203
4.127369382098718,0.8938826177514962,-21.08222150113572
4.03393233603946,-0.6740570569216437,-24.522719533157414
5.216087387973754,-1.7731961394789968,-24.847008789961382
2.1981356527631455,-0.4492675122939751,-26.109931254692974
5.305142972318239,-3.49017857342952,-28.273346130192433
6.581041789146398,-1.4747680852427019,-25.42294501209744
5.065844530331884,-1.9332037586725157,-25.17465178957509
2.16535895090038,3.9843050476286113,-19.035759232079506
4.842762910817605,-3.7675353697223883,-29.090829230291963
4.867310702576566,-3.8940353974246396,-29.327246575224976
7.486755054099298,-0.2639427265482235,-23.191734996908764
7.72993309236195,0.5990967865381451,-21.39173076813438
2.087423304436073,-3.7652228147790776,-31.508750396624965
3.0080518220966006,0.6782498739496363,-23.643706378551833
5.637344528044013,-2.1101637624771437,-25.925037356868373
7.091282368267405,-2.200960861850609,-26.955342666765134
5.669278741298612,3.8424855559314874,-14.032957747039775
5.413498319156342,2.1503115146877017,-16.989700043360187
3.988392766608788,-3.6964471368708995,-30.60467360693065
7.478524475871679,-3.5595625320114888,-29.771394349644908
2.122494277977202,0.2902474748680861,-25.23288867922602
2.7578925263498637,0.8911973514783007,-23.485133616010746
5.34362211336475,-3.4143755638314017,-28.11467836590503
3.2633950685016515,0.5344005375980894,-23.724274132426334
4.285034139778081,2.522603036436192,-16.77855967918826
6.078280425037417,1.9984177646448575,-17.862930869160593
5.464048352903241,0.8992767925863099,-19.566182180385688
3.35428273800932,1.791070353422378,-21.588565497834995
6.396269650443836,-2.5901878089348696,-27.428978665804255
2.725193865034285,1.258493918191287,-22.94062594093404
7.302582614479033,3.617983849376868,-15.432950095482521
6.601717706371993,-1.207386928984917,-24.901252471175184
2.8674416344738316,3.731030469859369,-18.61544946843628
7.165745308933717,-2.1756156272773817,-26.956834279792545
2.9207480214491914,-3.753104611796754,-30.910872370955722
3.886423011858886,3.7951961550619506,-18.025064811878647
6.100316449115527,-2.556438982151718,-26.974899038953186
3.5579880351313657,3.499505503012319,-18.434659941698687
2.180552772560427,-3.1006920500311486,-30.226952630381838
7.585113575483236,0.9547354670604733,-20.729927037030205
7.620035837735334,1.6537012308446313,-19.321217664712563
6.286268777630224,-0.5860832630382902,-23.21984837075468
2.1309794039588095,2.2915774585632613,-22.136599806651958
6.952250998983233,1.5665279547556477,-19.384028917643036
5.877022243074841,0.9691620045920377,-19.902499747768314
5.4800102465343485,3.8803312201893307,-13.643037689293775
5.478556855857826,-1.0186908827528773,-23.436791917691604
5.257896147909326,0.07610080338465686,-21.137725470276866
3.0097445004579484,3.257145025843264,-19.337043948688596
7.73572511863177,-1.5712388959539991,-25.730533756624315
7.530571803546291,0.24038534538638157,-22.173426369330425
4.055587032775475,0.9728930083579511,-21.712534194656772
4.024154369482221,-1.0489748175663072,-25.22844191398707
4.373926432920019,1.4979872737474196,-18.927750102386486
4.24506118666481,1.9383708418263155,-17.960387618103276
4.070773888139768,1.8032577424852354,-20.24643226040662
3.848954903526927,1.9715542760415332,-20.98367714598621
4.209340510801209,3.126663077767676,-15.71962653384988
7.716354044360306,1.6203473544439078,-19.354341978641916
4.042299847695439,1.8143345900545802,-20.522676121797254
4.169671391151639,3.3438767158921796,-15.650528200785613
3.9069899677082245,2.54110929065317,-20.03237247281099
4.033233372004665,1.685701046565043,-20.795120666239338
4.183201385609608,1.0889754819267787,-19.998699066979583
3.968035766676245,0.46869508883683814,-23.023828911951398
3.9392265152616,-0.6843766668578884,-24.93666664104825
4.180932535130447,3.9010493898015306,-14.40957059536195
4.836832888311467,0.4024489684811346,-20.637800361131113
5.2243846298048835,1.5139465567980057,-18.269718501005325
4.154614919170273,-0.011957956849183845,-22.433232640018527
4.2847667593461916,2.177061807872683,-17.46850830977847
4.0199751328603845,0.5654910955311322,-22.605670919596967
5.669464910804741,2.432218867752799,-16.853004242790536
4.306522077680757,3.540153906451156,-14.770522941126837
6.164512111504426,3.666040706119651,-14.547768755594177
4.480903494904579,1.3102117601538372,-19.32585562313256
5.68377914209136,-2.1596232420969455,-26.04066758473179
4.0862373243451415,2.767135183150954,-18.29258313136329
5.734729356596424,1.753364867779583,-18.23158391178367
4.005083925618488,1.9523498252064055,-20.588026942314677
4.214378275542672,2.5637222964854267,-16.814797934812105
3.8508486359937817,-1.6295547467706228,-26.706681650538926
4.208975142382504,2.7082996906253753,-16.556783965834168
3.6360565694422466,3.836465496349009,-17.854151243409458
4.2994547724283505,-0.6905781332447593,-23.21861087922131
6.595654012385012,2.2938350769275773,-17.895239833361476
4.042779613972969,-0.26314028682930407,-23.777882071241777
4.249442280119762,1.0440668188429554,-19.74160219590449
4.173893836636957,3.4047183324631334,-15.478012472217932
5.431432867690333,0.9953988094324527,-19.317313521750233
5.961677615241314,-2.5619582045815483,-26.974858050374806
4.136563751292516,1.6593788604706134,-19.494660059395482
2.5267803712034627,-3.952090246601939,-31.41822095427154
5.045348390593232,1.2292690041879908,-18.83992181897913
4.534457558518679,-0.7108100147071333,-23.33551785918134
4.210646755298626,1.7685861521767017,-18.424338847287476
5.574193163066513,2.088118041785856,-17.460647847960466
4.003943573441609,3.2075159096442505,-18.69538023714688
3.8741954089430197,1.0088898307554375,-22.451266722401847
4.257312429533264,3.750623427268146,-14.329522213952725
4.437093635452709,2.1966863716948275,-17.56377372472942
3.9861876394538904,1.7404181272902892,-21.009332662192755
4.980238343274318,3.1077764293258063,-15.077944401088976
6.526290746978074,4.014344539845735,-14.396022494966749
4.167677964647848,1.9474403470235098,-18.46317651668791
4.108990205102544,2.5189951658155096,-18.309644412518526
4.192361173051489,0.7842150942450662,-20.521693293077433
6.20185984134498,2.15914358335942,-17.591014231788307
4.275618140053104,1.5023284546388096,-18.812902499416523
3.986591220527037,2.515649354073933,-19.844512137858718
4.136710220303177,-2.331732050456637,-27.36594614657793
4.134177094866284,0.8028064082366217,-21.16023921903868
6.463361135030372,0.21888232559592602,-21.905983318879578
2.897604924672481,-0.2848488563162519,-25.17307041409878
5.964790122201717,1.9465850803176377,-17.957621401860123
3.2761872041340636,-2.3433633684787303,-28.35691267932883
2.177642169803824,1.4586697199406968,-23.38057272511851
5.054001795551992,2.8831496847857396,-15.536390663596533
4.765541227013924,-3.9660727575085595,-29.642579753854584
3.6614602431243455,-0.5542959086031765,-25.16298005145909
6.669223954866818,1.6224693498844633,-19.269500349860557
5.830811311035087,1.4440737754915576,-18.926795043511405
7.23087263900935,0.04386336119759804,-22.55711278109765
4.257053160888447,-0.8412232803227608,-23.525929496784958
2.0630130607706993,3.3201520608536823,-20.5019928689609
6.91955065894353,-1.651837203558438,-25.823387900008132
2.896059794287406,-1.4567836896770947,-26.967099321267323
5.868790564350713,-3.4658443760250703,-28.771317390287034
5.0607223833565005,-0.920839181506051,-23.14666080736887
4.026399268820837,2.5827204632074245,-19.484947855635586
2.2754600999094805,-2.392561906071636,-28.897189109083087
6.497281344205034,3.792994625963064,-14.804128010540673
5.105551338509114,-3.9809899343679884,-29.340930405949788
2.225976379344731,1.33327714429086,-23.484788695672197
7.443262849715058,-0.1674955127203397,-23.006096658206744
7.685870589429372,-1.187699603799766,-24.982132281036495
6.537064537720148,-2.3562760066613455,-27.163188684272654
5.719975932787822,-3.4092919712986136,-28.553960164193878
2.807964393892563,-3.6102842045087833,-30.690305970434157
4.662018065351594,0.458843687989682,-20.842120325610846
3.1562065710282,3.919785331567959,-18.099862370565518
4.556990666316981,-2.18175486050555,-26.26983165956893
7.128525646295982,-3.3740811837787215,-29.35338065059537
5.98942428147979,3.4520179109153837,-14.9479990198987
7.0037263091653035,1.8913372048949695,-18.736482283908032
4.24657867975724,-0.8107102120275309,-23.479005832888912
6.08723266300794,1.4098308985524515,-19.040925201695895
5.008825262459388,-2.0148303645535712,-25.321691079703136
4.949998799392693,-2.422970652186553,-26.158740666617735
2.023685820847674,-1.3103919269267905,-27.555939582259224
6.267448616426094,-1.9118160591049298,-25.834132731647056
2.315356280448885,1.5059713767860616,-23.055991362259533
3.748071071587556,-3.76653881637014,-30.911970282157288
4.294521003995598,1.8911080295904217,-18.047401265470228
4.920508369156112,-1.9497114924127565,-25.22703319974129
5.0824660147084995,0.7309240457253185,-19.8528185278072
2.2438169250248574,-0.39707089686818886,-25.965893170292357
7.214922072218032,-3.657135111633142,-29.955656265104892
6.569482640593841,-0.5293226053646114,-23.523574172941988
6.018785557778761,-3.617010970766799,-29.09001096190304
4.0176270208547304,1.0358429364553423,-21.896264677261666
4.144018861529016,-1.0680333981198054,-24.525958654828667
4.243558199347384,2.025015438905307,-17.789922375704712
4.177417560225146,3.3331740916000014,-15.580292018645556
4.281329982468833,2.1634423598912584,-17.493792716947745
6.657544751982745,1.6350685199861779,-19.240785568765755
3.894231774114882,2.509797644434803,-20.09750214271968
3.987884637572644,1.4981300365907118,-21.365663822889186
4.091297182681877,-0.6950449884330415,-24.183705659646414
4.007998735525272,0.9838992997393601,-22.035236107731887
3.7981340867519067,-1.6546533422436152,-26.822838800273953
4.075987941236902,0.782606553712347,-21.83517146565552
6.476197840512822,3.8067151091863796,-14.748386110456408
4.362245812927484,3.9691382724575655,-13.990294211609482
4.070124648542489,1.994406879512342,-19.940398720237248
3.863849517248702,-0.9980903009344123,-25.611987656635808
4.247750867426592,2.7017915149219873,-16.431082866489795
5.500332551728257,-4.216845252869291,-29.959674620800275
3.7003689654039342,-3.7790756757881585,-30.944965876325387
3.9664878892914053,2.130303501640986,-20.509676248450326
4.269241267033377,4.16822358532791e-06,-21.81835646216065
4.2207964040654415,1.1036395181454617,-19.701977022445313
4.224163665935795,3.5227741219635607,-14.856111241890725
3.608027733169436,3.7820535058397957,-17.94324755943256
6.177005437398253,3.6779968728649526,-14.531608356085238
4.216265301894521,0.6756918731737774,-20.579169937973887
4.242607253161145,1.9283037573889155,-17.985059650207063
4.16516971387363,1.9806012549206204,-18.429387018269406
4.014888047622848,2.736405308072552,-19.34306852240154
2.4685086595226777,3.2811871862521578,-19.843935687660135
4.185246210280755,2.5329664050602587,-17.09508439002745
3.9585410054129944,-1.7463700084491212,-26.720173418205984
4.0723434704396775,3.240241147456784,-17.689731633367554
3.855861813676997,3.7676336964710586,-18.08243147768185
3.9076856789220855,-0.7070210527170787,-25.05255157313114
4.196912132941503,1.7879881048676027,-18.479804782505678
4.112819583503932,2.468634033515892,-18.33324808758818
4.211373268404127,-0.6971121438953318,-23.36089218931515
4.013180180332166,-0.25607154808807414,-23.9460384926855
4.06066788141339,3.4557538000642585,-17.544287418460264
4.271181363512937,-0.12010233938820768,-22.059149953629248
5.382764776708382,0.9287525326106448,-19.419930777274963
6.25745821157517,-2.525443716839414,-27.04262740070155
4.1154682091382355,3.8670202971140326,-15.503596249518607
5.704339265984828,1.9500871542616407,-17.826522356547006
4.353229797941734,0.7609007823892111,-20.37791037512934
4.1343979780447775,-0.8093122536276933,-24.08434167029045
4.146740211744,1.6109003727304003,-19.42864060724616
4.996586004570065,1.3369197912422763,-18.61670538163629
4.15626933881681,1.828786874700353,-18.854461764287766
5.460913525268999,2.187408654934373,-16.983091956027923
4.155996367548673,3.22532324658232,-16.07259370391595
4.163753171936274,2.7922647912482144,-16.82780587153307
3.9998110551919797,3.2186363625469343,-18.703071680689582
4.190236783457725,3.735077014831788,-14.64926754828387
5.481291211454496,1.31822754390492,-18.769908880251254
4.195169534455826,3.3759131914353975,-15.323004774757846
4.966400312845161,-2.4859725493914855,-26.27749770179873
3.9848254687640217,0.7236123670239446,-22.557661360374325
5.479587331557599,-2.50621915233211,-26.41605347754087
4.041584280179152,2.576974675959986,-19.34602572659441
4.234790827427756,1.507883799138643,-18.843844739110313
5.411040347400721,1.0003103585031068,-19.287965142254105
4.282860320176886,3.799053768575815,-14.233505358547768
4.001426850341669,2.477153387721523,-19.822954342537862
2.0504374210662397,-1.4183698668941194,-27.668289340336116
6.226176088324992,0.3641480200161915,-21.21140037784227
3.4717653530894497,-1.0455514718354397,-26.09492764696588
5.379621579939792,-1.3608481136706798,-23.998785674713822
3.072052497602948,2.3764545569524573,-20.825562203547953
3.61860410039173,1.2766735056502378,-22.257267015339874
2.2921590664037783,3.1213601065126593,-20.40415119485333
2.5029006081819167,-3.5816666072022834,-30.7927157940878
6.011041558403892,3.273955754129082,-15.305386027529156
6.78098972016891,1.3021401474701992,-19.926281649653877
6.822066104887339,-0.20999092640135242,-22.949968437631597
5.87825123566442,1.289069406356286,-19.263093799747267
2.6730868179815,-3.2204071938665946,-30.083151417636547
3.103946107214392,2.3840479205353207,-20.78885275018551
2.8435095320051436,2.616948928894936,-20.598927026974053
6.267926893237027,-0.8587245189609396,-23.72871613474123
5.415111527282377,0.3619984410338155,-20.567608015220078
2.715960992433545,1.7017905747166182,-22.24324221507565
4.081107878241052,-1.424011071750332,-25.637103032197455
6.550804270332366,-1.1389136693872235,-24.727045055151827
7.903342517528924,-2.1600953761887354,-26.838452326874272
5.701777309760608,1.619584586234053,-18.48678239993206
4.720660104227022,-1.306007675672869,-24.27618325018422
4.213055497594812,0.38598072276164164,-21.175217036158717
3.866604476782702,-3.234142775617423,-29.844360366240224
5.664872065033057,1.1776029158527033,-19.360852312859162
2.7661470955146377,-2.0267572856703513,-27.94826880394015
5.812114302043818,-1.322075144210869,-24.44352863976585
4.902370695800194,0.7644444020528072,-19.812563890226293
5.6757964626165585,-1.7330623122919846,-25.185392861389175
3.321643387721436,-2.4461614812952206,-28.533710835864134
5.464840257516547,-2.7228036206661903,-26.81485464232435
7.0614527119149155,1.2267147699251835,-20.083661878756242
5.595076159207223,-2.4093465147163577,-26.48686233878836
7.16502194830571,-2.220268075764669,-27.045612749855486
3.792594672496005,2.030587927389326,-20.893163412633207
6.474907168270344,1.5452735026916153,-19.269484194874806
5.115367722226411,1.487818234908131,-18.34843126113421
4.389645069086993,3.7639406186514606,-14.424108152489401
6.164996311648118,3.4749378308545387,-14.930183957428005
6.687786905861685,3.488046808139699,-15.543026986364183
7.455643866671924,2.126398036367478,-18.41655183345837
4.491101917895973,-3.7348965853338347,-29.614447346314332
7.282721487640746,-0.4225297393996188,-23.509451618209642
4.557422357873027,3.209647362673132,-15.498324668589628
4.191151672018908,-0.8614481980608995,-23.80459855047978
3.5490439043602593,-1.0460116239829027,-26.044615351582177
6.477461369341227,-2.5335513514762944,-27.439125367710325
7.414250419167031,3.168686431720741,-16.336874118126488
4.2153804811492925,-3.6590036105734347,-30.11858680970674
3.1402231563897764,3.4998655549751003,-18.827718238545
4.001764255104663,1.0395117002491452,-21.9864886665341
4.228763773061554,-1.0404041877672565,-24.003400777299834
4.149220147398648,2.5682083188553833,-17.48643616814941
4.0559527404404365,1.5982438186287184,-20.732288673273306
4.064505812905444,1.2120103230762123,-21.25828914418172
4.053026181000493,-0.6618485182116677,-24.38515549280629
4.093887306466816,0.8005127362804062,-21.63342763381688
4.238157968345021,1.103911612447949,-19.64299950955908
4.1535986612996725,3.234435834540534,-16.08999493282611
4.169929278040873,1.4798835167363267,-19.367320049783277
5.3878627086489805,0.3310109429794151,-20.61636413163812
5.802385102630183,0.5062375791053558,-20.778090453411867
4.330147961316686,4.026430141751015,-13.834933821610244
4.02965875233959,-1.1633782569348499,-25.407445759327953
4.14758695316614,2.7132487564947403,-17.2227689805247
5.142741140981816,-3.9527337148525117,-29.26887075028578
4.242557853538853,2.0416289030516994,-17.7586527827618
4.200453674867721,3.530678070611584,-14.973140014015438
4.211424448761252,2.7760838354863675,-16.40703534116752
4.103342085964431,2.11391546123926,-19.200328685502324
5.66656486902663,-1.3904551230112727,-24.4975182552143
4.231679183238863,-0.0440187093379354,-21.96003097313254
4.1990851996084535,1.0770357252199518,-19.88365796081166
4.072476933985619,3.84383403567939,-16.517212140867343
4.1240271981081005,-1.4763952988679163,-25.49925595540133
6.169977602834183,3.6825703672727244,-14.51785561436259
4.914050934275319,-1.4056843178287906,-24.141866005195876
4.077487341875057,1.9936505341041875,-19.842241113953136
6.599856358202644,1.3292159642718977,-19.82695949244894
6.391497510515504,3.577686448339382,-15.083093568152615
4.011562129728109,2.778678979853725,-19.302849151287894
3.8691288640858263,3.8237064966447,-17.98610993967156
3.807104828124057,-0.9859005745383835,-25.681352430996345
4.247718333865401,0.6849994893461552,-20.462457934673193
5.501199693400561,1.442956260976645,-18.57456360459099
4.152908461328714,3.4610820848303177,-15.648435584795894
3.8103370667415777,-0.320166748254072,-24.615270348380164
4.191816608231353,3.89096167779806,-14.324377445888485
5.589709715065063,2.175863851495664,-17.30902466206713
4.286025591587388,0.8034309091301418,-20.21521159054777
4.211877442675974,3.363075344048694,-15.233282361342015
6.128923035598675,0.4119949612966796,-21.04251243574753
5.483014876900502,-2.6974455566563393,-26.808241678629553
4.143426476992012,1.6068279596114035,-19.4880498296245
4.0535468128244725,2.779279991351291,-18.86745215753442
3.8479020965551154,1.3254571089546505,-22.001457328905488
4.157814850042762,2.0068187693714514,-18.47772534398888
3.7937016981334932,1.0404181399427443,-22.510041520575164
4.203623959621126,3.701683832384154,-14.609594843519918
4.031034114855501,2.728629783537698,-19.21829487720304
3.942810920752269,0.7404862730115572,-22.698254008974743
5.447191964557777,-1.2917405634377799,-23.915066425063284
4.29601614557022,0.49054727959280103,-20.84893674664625
5.633170914256776,-2.377627469087837,-26.457660159157957
4.2206640482815905,1.536705240477312,-18.836629879774115
3.997121063843416,1.9484498255015257,-20.64001282555871
3.9824698208577423,1.0058752585229103,-22.137749325402076
3.9738858473327503,2.187632032819321,-20.393952008574846
3.9233848647169847,3.4578463117298686,-18.550182320279706
5.388131578913311,-2.4561784273180725,-26.19184306396547
4.184539503636157,-3.2141816052710888,-29.21358933462508
2.497758527352802,-1.649269680887408,-27.501744598217826
3.2907212380178748,-0.5784943650949437,-25.448379245635827
7.072502825588995,3.362208858106719,-15.818242136531323
4.011076653929032,-1.2014275888536483,-25.559705028905086
3.391332338970922,3.9878872853635565,-17.781963668799055
6.947723623204963,-1.3690897002563664,-25.255480147496144
6.122915085699175,3.9422719700623716,-13.98117472199605
7.5074271616654755,0.6224152771674154,-21.414753650541737
4.704459430388798,0.5828892668850987,-20.525973234584672
3.8040178289501645,-0.6913398699330866,-25.211237886106936
3.7876830704512763,1.9100707073175336,-21.09385358856882
2.562038086460963,3.8739881151713016,-18.641627269741978
2.589900455433275,-3.8170808362400326,-31.14263734527686
5.437050961965451,-2.083410284263268,-25.48301536046689
5.952749917932018,-0.4337302982669389,-22.718080757563747
2.441466648665687,0.26319336856743636,-24.746855919429027
5.711258522429545,3.4119675138445142,-14.90514470991632
4.289199162757596,-2.7374146107029356,-27.765280295378123
5.086317448464241,1.779915331753621,-17.75656506347991
2.0938816116632957,-3.3096897596380606,-30.690497585033295
5.782889240566732,-2.97791870645848,-27.729647298223817
4.638082928707074,2.351044417255939,-17.099026920839645
3.34678861084992,-1.3895096718892548,-26.7087199714082
6.634679614495119,-2.2093258853173463,-26.921217039803036
4.090276987165602,2.816362480555937,-18.113627734931512
5.693145522640702,-3.7815510973426134,-29.2930604342921
4.84516953434699,0.27177208245035533,-20.88355830246069
7.298369163286102,1.1137951191379605,-20.440428497217557
4.286230013636634,2.3302920054528915,-17.163365784685713
5.37839980681435,2.4255815455836904,-16.425702446642628
2.439894464660359,3.3006572437370156,-19.847222585202754
2.314531421771328,1.7057999887675175,-22.741745946492852
7.257911553024276,0.5483485117130691,-21.55946872960011
3.1784240015345535,-0.9609167755560319,-26.08628678848557
4.417790560404709,1.2133303778911788,-19.525856610239195
4.131813490363312,0.05938981201657434,-22.52030954579785
2.5584699934022304,0.33799327440234794,-24.502462212396324
3.539771439168874,2.0976726672542076,-20.90080294462008
5.294078704155844,2.5133779859522987,-16.25871442896151
2.3452070723645666,-2.3895585725993547,-28.827513830313066
2.658654477461604,-3.8649266258923998,-31.195608381937085
4.605392562652012,0.443013769220272,-20.95381710925912
7.243915481747482,-2.71675963786726,-28.083088309490705
7.216017851795213,-3.142537369421645,-28.924854672946147
5.105531387671553,2.311716114878645,-16.698926577059154
6.718874800914024,0.993015655163461,-20.538921864783145
4.116517882299262,-0.13233314843910549,-22.993962045002682
3.0715897984834326,-0.19533923176640755,-24.95233580539844
5.59539171885751,2.324915401400234,-17.018335393147844
7.431846912021282,-0.9675139173730107,-24.608077378625655
7.235614868137394,3.697322048498844,-15.252277537964492
4.2269640626979275,2.5796695029852255,-16.727021890926316
4.162702640622634,2.534004568003418,-17.357604734969108
4.049649355788952,1.2978332749034314,-21.2568039185513
4.160500327348488,2.72379468442829,-17.00899112585337
4.062692147079617,2.7873922145202052,-18.708409174342
4.21036867882513,1.542629435096253,-18.87765303374492
4.165840533609104,3.8310196632479605,-14.728111947339517
4.005397062641975,-1.0348793499343891,-25.289434180199354
4.202254089784661,2.7303747023010314,-16.556909199438294
4.226956529728478,3.4918501031752913,-14.907139056661183
4.200662196812959,2.817257041476155,-16.394964450908745
6.710413898645174,1.0575892824427242,-20.4084123275612
4.04401278712963,2.0974064950219278,-20.069540016299612
3.68063827322599,3.8142576042992453,-17.901702463505302
3.5769246635745033,3.706190606421785,-18.081618383456643
4.040846111067297,3.8561966407085397,-17.226674414816973
6.140936194533023,3.901395872399666,-14.067277703299956
6.131017829637579,3.4343036701436596,-14.998525903308268
4.248069834195843,2.757540436254651,-16.319338208316648
3.899768731504775,3.465587828307599,-18.561362733831388
4.0118000447033495,2.8091793029157768,-19.254808058442343
3.932489203916147,3.811724742931716,-17.95475527952185
4.177173210392045,0.6874855524867328,-20.85726648868648
4.166615543288884,1.47581110361733,-19.41666517596545
4.098754887346691,2.1493747689997047,-19.21727661809397
4.0624469340320175,2.6864127857654423,-18.88692610640579
4.251987626293093,2.3331158153909155,-17.16162322522219
4.129156726459687,3.4405180724525697,-16.089050262899466
3.8599626746139886,-0.2421236948043705,-24.412715683507226
4.212477592895425,3.9281373722210358,-14.103308473437115
4.234403664663499,0.7574912075140249,-20.345784941472473
4.130772871317127,2.406670784373576,-18.118678123578984
4.024594705012142,1.4678614814398987,-21.19095231391563
5.418349167495016,-1.3408914153942817,-23.976171607465112
4.306500489560513,0.49364981831692695,-20.853499871354344
4.134336361036662,2.574260380762349,-17.722024253776777
4.069269869031905,3.450485882297084,-17.35824834702301
4.066130889064108,1.5837515744900497,-20.65268950397481
4.0506554919882145,3.8324910047835576,-17.068298097941828
4.928753698361649,-2.4315280515761906,-26.19114110829049
6.336942030465385,3.099095735109124,-15.949349619136086
2.5138213116835773,3.6902846835832612,-19.03525965834395
7.570349134858798,-2.392998401150817,-27.429176960474788
2.9801724731743184,3.688052094096686,-18.603591404775955
3.308762001121715,0.26267228347007343,-24.12712729540165
2.1736049059723817,-0.9425000976044275,-26.82672629854742
5.535220720344339,-1.379666679788368,-24.312649430441972
5.915864791217967,-0.12557042920578265,-22.100239668482835
7.557107639821076,-2.88529751644686,-28.414968136468303
6.895641070516115,-2.4137652624031274,-27.349896555774468
7.52362922300574,-0.7776471252921704,-24.2118245557164
3.378742074786666,-3.4059382351954772,-30.273525455994562
5.7627451471668,-3.2843338148263435,-28.32687767712724
5.024928558439251,-1.5732396249278953,-24.439149243162884
2.42758254749895,2.605527129631091,-21.093562593148675
7.100494395384295,-0.14040992867544144,-22.840342588752296
4.719714511241069,1.925383713634675,-17.816758635577635
5.2436572093385045,2.4104218196282208,-16.47155897124187
6.902819951712987,2.1939541237666944,-18.133777662233044
4.206769264721604,-2.961607023928141,-28.57688525362515
6.758179781400383,-2.0049723965058055,-26.53928252458123
3.2833986202775085,1.7340031622776388,-21.742225459053326
3.241376811567659,-1.5031470997822973,-26.928302054778385
4.6042309694309305,3.246863359315358,-15.37183593941744
7.009264188890487,-1.8720372571468822,-26.264073906053323
3.174256088576614,-1.1769466071359638,-26.4263163069062
6.852426951960314,3.4094322857199755,-15.70874217971185
5.865808290605781,-0.20833421554396647,-22.25300792801192
3.4271429803359474,3.59291734517375,-18.418095831778803
4.662239766269362,-1.4730582996061115,-24.706107332946992
3.4799159960794643,-0.5768074149364057,-25.346382333749972
6.825047791349396,3.482347480121943,-15.565111879132685
5.883347387838949,-2.1862946168877855,-26.215546757609822
2.6494644574764554,-1.3218717569727696,-26.885489095151126
5.634633819479374,3.4805553408921384,-14.742153498408845
4.079112097465207,-1.383806182299696,-25.567608015220078
5.047259278866119,3.873638852186196,-13.555346368999762
2.6776949197284305,1.0538664760790288,-23.302204176623697
4.687353864995586,1.7665534945708998,-18.1883713808361
6.937909512185241,-1.362843766031908,-25.243675843935296
7.91703709567745,1.8724621293395503,-18.768301089235607
2.635623447590037,-3.3515101188336747,-30.326426203576947
7.6085183130669085,0.5057241610730081,-21.62082143447187
4.322227157971478,-0.9385739411441625,-23.739332463009987
7.624872103768206,0.1878445785027818,-22.251370148072493
2.842555135349854,0.5079810695082108,-24.00982547993852
3.3022054277461836,-0.6009379019121788,-25.478182228170144
6.196903381936583,-2.219210871288115,-26.342724185826988
7.787787574301678,0.689756400971552,-21.187828918672626
4.048544777538289,1.2964758038637658,-21.26824206212454
4.135529157301483,0.6839041236447967,-21.36112155001861
4.0008007591388814,1.4331327497208974,-21.39477039617723
3.950984301267686,-2.827152207753795,-28.9126800877936
4.053026181000494,-0.6618485182116677,-24.38515549280629
4.1855223103519625,3.487682082079815,-15.187046556485873
4.199197303459131,2.7151383245725866,-16.609753954890778
4.149133282835529,2.7693956363517995,-17.086339766733158
4.155295687337163,3.8910069325673184,-14.755673389769363
4.051361130322291,3.8652259681817083,-16.991527580697277
4.054890861296418,2.6696778825593364,-19.030076464915567
3.935074584882996,3.42151121368299,-18.59260909552927
4.2082507277919206,3.8417573361828548,-14.300205619058376
4.171919257433483,2.2954458529420574,-17.715727220142274
4.850291029583075,3.737778721127802,-13.949272328784946
4.17974192434349,0.6552996619603846,-20.894626085856153
6.495775149067517,3.583426645646515,-15.22131344978909
6.173100212635194,-2.2617325944083544,-26.40837896178668
4.173254136755005,3.895373115711043,-14.507169794321312
4.229965441596199,0.7816551135699815,-20.310904343866376
5.380537422478571,2.4379651836238323,-16.401165737810732
4.251035018122806,2.754316176235165,-16.32176395860447
4.056096267924718,3.758303277887878,-17.082300230443966
3.8659488537116666,1.6083569146228698,-21.537018343273584
4.213099504388421,-0.9890958099441537,-23.956087832898746
3.8697972948085635,3.8347956266630887,-17.96758272116723
4.183975535838144,3.9278920574203617,-14.324606646810992
4.251491962177657,0.3264603163331041,-21.1751585282463
4.044989451053172,2.804308189936416,-18.943743264149862
4.1577825011735845,3.5609492617642737,-15.377371573870676
3.959692581869259,3.567842783029634,-18.304570862310428
3.992641538304799,3.8279612668513496,-17.765204411779358
4.117702529337087,2.3910351852008986,-18.391794992295672
4.525199417664993,3.353310143107935,-15.240936811839513
5.692321105202883,0.5116032388709968,-20.700253066506196
6.14101409110375,-0.347610057970571,-22.564968308070856
2.0570102544057445,-1.5932752744416714,-27.90808695332392
4.487222225014998,-1.367714898487594,-24.682396258066895
7.042601143993378,-1.7179759514788344,-25.96505085332363
5.12461933226116,-1.840797528561394,-25.00676222348452
7.357729716000641,3.0250278410902345,-16.625434939277234
5.8887821565685705,0.5788762187231846,-20.686639048755872
2.746843920078595,1.447533899781214,-22.622930635180346
2.5859826419871337,-0.5284825957866355,-25.746661994673893
4.920348600611953,-2.538574965034752,-26.415691395725805
7.289503383727296,2.2002707302054674,-18.265392166206457
4.4135211350165635,0.02120587359003867,-21.90741969930869
3.632088246448216,-1.897998917618552,-27.415872398898795
3.316692821173911,-2.208647752756968,-28.108730226027053
5.46999496605795,-1.148487657236199,-23.675388346671077
6.933513210695345,0.17824231921423905,-22.161887946701416
2.7116316194468073,-3.554815203672005,-30.634193898620637
2.4262368479047707,-1.5328729671609747,-27.383157040465132
7.187212824901938,3.9726974095053995,-14.67479231051708
7.808449059267742,-2.9262891770112196,-28.406138209827393
2.7287465855373534,1.6194965976047113,-22.36405405602031
7.895097390833841,-0.44540612618441777,-23.413480207489727
2.7878066268776767,-3.530880762407164,-30.5620117497805
7.69772287911244,2.5443643510138276,-17.513172956889818
4.017183946472094,-2.9161663619822393,-28.98175733254209
5.5573982755872,1.2484088146564192,-19.108050186269654
6.5008908231439895,1.0063694681660742,-20.38198329920454
3.56793127993937,-0.8462960530143535,-25.710121317209584
7.639271550029475,-0.4466256661788064,-23.515572027087167
6.62724380979115,2.6755593423765687,-17.14828313163752
3.650582133868986,-1.0155319491493735,-25.910412781327196
7.032793803211216,1.4579215558167258,-19.609983885388107
2.053068990401024,3.2320382679582274,-20.685164076995427
5.604376217293461,1.9386407323916224,-17.8012879425396
5.1928490403074825,-3.3918037232874294,-28.103093665668652
3.950567160157273,-2.7428561885997578,-28.737691325250974
6.805044042979495,0.16598020141743675,-22.198664904325454
4.4603062121573895,-2.4570390623428686,-26.89845912744165
3.2995406974489754,1.1326452418125426,-22.73039366916052
7.67086461574601,-1.123412544300832,-24.858926673732526
7.533391761750216,-2.1442107273215107,-26.94195376960472
7.512227228038959,2.332836043685516,-17.992849894633316
7.1195830881671665,3.30129440167398,-15.97004835796316
5.753227852060138,-0.1774261343612853,-22.104041823019323
3.990887593629276,1.1821090596566357,-21.828390543783335
4.341888527203401,0.6778975576090733,-20.52960421118497
3.4153640428472793,1.1923157294319164,-22.545871936131572
5.388647976275875,3.015742060253788,-15.247091502002515
